{"indexes":[{"v":{"$numberInt":"2"},"key":{"_id":{"$numberInt":"1"}},"name":"_id_"},{"v":{"$numberInt":"2"},"key":{"name_lower":{"$numberInt":"1"}},"name":"addOn_Name","background":true,"unique":true},{"v":{"$numberInt":"2"},"key":{"sapId_lower":{"$numberInt":"1"}},"name":"sapId","background":true,"unique":true,"sparse":true},{"v":{"$numberInt":"2"},"key":{"sapId_lower":{"$numberInt":"1"}},"name":"sapId_lower","background":true,"unique":true},{"v":{"$numberInt":"2"},"key":{"active":{"$numberInt":"1"}},"name":"active_1","background":true}],"uuid":"5f8ee457e371491b92ae1caf2ddb1c1f","collectionName":"addons","type":"collection"}