{"indexes":[{"v":{"$numberInt":"2"},"key":{"_id":{"$numberInt":"1"}},"name":"_id_"},{"v":{"$numberInt":"2"},"key":{"bookingStatus.id":{"$numberInt":"-1"},"bookingDate":{"$numberInt":"-1"},"dishId":{"$numberInt":"1"},"bookingTime":{"$numberInt":"1"}},"name":"bookingStatus.id_-1_bookingDate_-1_dishId_1_bookingTime_1","background":true},{"v":{"$numberInt":"2"},"key":{"bookingStatus.id":{"$numberInt":"-1"},"bookingDate":{"$numberInt":"-1"},"bookingTime":{"$numberInt":"1"}},"name":"bookingStatus.id_-1_bookingDate_-1_bookingTime_1","background":true}],"uuid":"5e0ab02664fc48f0a8299392d745da43","collectionName":"bookings","type":"collection"}