{"indexes":[{"v":{"$numberInt":"2"},"key":{"_id":{"$numberInt":"1"}},"name":"_id_"},{"v":{"$numberInt":"2"},"key":{"email":{"$numberInt":"1"}},"name":"email_1","background":true,"unique":true,"sparse":true},{"v":{"$numberInt":"2"},"key":{"phoneNumber":{"$numberInt":"1"}},"name":"phoneNumber_1","background":true,"unique":true,"sparse":true},{"v":{"$numberInt":"2"},"key":{"email":{"$numberInt":"1"},"phoneNumber":{"$numberInt":"1"}},"name":"email_1_phoneNumber_1","background":true,"unique":true,"sparse":true}],"uuid":"bfccbe44c0e04084abdcb45ab372dc95","collectionName":"customers","type":"collection"}