{"indexes":[{"v":{"$numberInt":"2"},"key":{"_id":{"$numberInt":"1"}},"name":"_id_"},{"v":{"$numberInt":"2"},"key":{"name_lower":{"$numberInt":"1"}},"name":"Dish_Name","background":true,"unique":true},{"v":{"$numberInt":"2"},"key":{"sapId_lower":{"$numberInt":"1"}},"name":"sapId","background":true,"unique":true,"sparse":true},{"v":{"$numberInt":"2"},"key":{"sapId_lower":{"$numberInt":"1"}},"name":"sapId_lower","background":true,"unique":true},{"v":{"$numberInt":"2"},"key":{"actve":{"$numberInt":"1"}},"name":"actve_1","background":true},{"v":{"$numberInt":"2"},"key":{"dropOffSapId_lower":{"$numberInt":"1"}},"name":"dropOffSapId","background":true,"unique":true,"sparse":true}],"uuid":"1b3d1fbd4a3f4d0ba1d3c341093b4526","collectionName":"dishes","type":"collection"}