{"indexes":[{"v":{"$numberInt":"2"},"key":{"_id":{"$numberInt":"1"}},"name":"_id_"},{"v":{"$numberInt":"2"},"key":{"bookingId":{"$numberInt":"1"}},"name":"bookingId_1","background":true},{"v":{"$numberInt":"2"},"key":{"eventId":{"$numberInt":"1"}},"name":"eventId_1","background":true},{"v":{"$numberInt":"2"},"key":{"bookingId":{"$numberInt":"1"},"dishId":{"$numberInt":"1"}},"name":"bookingId_1_dishId_1","background":true}],"uuid":"b1c2bcbc99b942a5bc3cda1f00dcaf3a","collectionName":"feedbacks","type":"collection"}