{"indexes":[{"v":{"$numberInt":"2"},"key":{"_id":{"$numberInt":"1"}},"name":"_id_"},{"v":{"$numberInt":"2"},"key":{"name_lower":{"$numberInt":"1"}},"name":"Package_Name","background":true,"unique":true},{"v":{"$numberInt":"2"},"key":{"sapId_lower":{"$numberInt":"1"}},"name":"sapId","background":true,"unique":true,"sparse":true},{"v":{"$numberInt":"2"},"key":{"sapId_lower":{"$numberInt":"1"}},"name":"SapId","background":true,"unique":true},{"v":{"$numberInt":"2"},"key":{"active":{"$numberInt":"1"}},"name":"active_1","background":true}],"uuid":"6aaf761e597246519338f1f351d097ef","collectionName":"packages","type":"collection"}